{
  "model_params": {
    "input_dim": 1,
    "hidden_dim": 64,
    "num_layers": 2,
    "output_dim": 1,
    "dropout": 0.2
  },
  "training_params": {
    "learning_rate": 0.001,
    "batch_size": 32,
    "epochs": 100
  },
  "training_history": {
    "train_loss": [
      0.09658681862056255,
      0.04706864543259144,
      0.02865188932046294,
      0.03043417576700449,
      0.022044785879552366,
      0.021921268664300442,
      0.021475978009402753,
      0.021405113767832516,
      0.021690615732222796,
      0.01893543088808656,
      0.020117249246686696,
      0.01841126773506403,
      0.01808762112632394,
      0.016956222150474785,
      0.01685721753165126,
      0.014717582147568464,
      0.013384767435491085,
      0.010522316396236419,
      0.008592272642999887,
      0.011155986739322544,
      0.008191166119650007,
      0.012562734447419644,
      0.010022729728370905,
      0.007806172082200647,
      0.008414348680526018,
      0.007728485437110066,
      0.00604201746173203,
      0.006292169215157628,
      0.007048983592540026,
      0.005409661587327719,
      0.007294081337749958,
      0.006611036462709307,
      0.005265840515494347,
      0.006827883142977953,
      0.0059704635292291645,
      0.0055654359515756365,
      0.005612203758209944,
      0.005229865480214357,
      0.006187801575288176,
      0.005414817715063691,
      0.006158492993563414,
      0.005218977481126786,
      0.005280044535174966,
      0.005530455987900496,
      0.00469729951582849,
      0.005648723989725113,
      0.005212164670228958,
      0.00518117961473763,
      0.005103476508520543,
      0.004599616630002856,
      0.005390084395185113,
      0.004670521337538957,
      0.004814802762120962,
      0.005190470116212964,
      0.004958707559853792,
      0.005199040099978447,
      0.004854364460334182,
      0.0051168829668313265,
      0.0048856570851057764,
      0.004838877823203802,
      0.004620012827217579,
      0.004929888946935535,
      0.00477663422934711,
      0.004742980422452092,
      0.004260453954339027,
      0.005266302218660712,
      0.004368408955633641,
      0.0040298969019204375,
      0.0046837266068905595,
      0.00502850916236639,
      0.004592836461961269,
      0.004321504291146994,
      0.00400855396874249,
      0.004253649804741144,
      0.0047438029199838635,
      0.004473531804978848,
      0.003999004000797867,
      0.00527861351147294,
      0.0042587523348629475,
      0.00482200258411467,
      0.004460287047550082,
      0.004780621826648712,
      0.003958595241419971,
      0.004030031012371182,
      0.004942843317985534,
      0.0039006827399134638,
      0.004868137650191784,
      0.004295231448486448,
      0.004044044995680451,
      0.003870118549093604,
      0.0039346555015072225,
      0.00414084754884243,
      0.004093778505921364,
      0.0037837964948266743,
      0.0038609142880886792,
      0.004006084892898798,
      0.0039905796758830546,
      0.004125892394222319,
      0.004138825973495841,
      0.0036008253693580626
    ],
    "val_loss": [
      0.23728148639202118,
      0.12004481256008148,
      0.05196898803114891,
      0.05802896246314049,
      0.08367745578289032,
      0.0961368978023529,
      0.09223273396492004,
      0.08019600808620453,
      0.0701715499162674,
      0.0650072991847992,
      0.06386207044124603,
      0.06436293572187424,
      0.06429919600486755,
      0.060482896864414215,
      0.051701620221138,
      0.04248903691768646,
      0.03581029921770096,
      0.02706480771303177,
      0.01256137527525425,
      0.055047981441020966,
      0.0040506417863070965,
      0.04929649084806442,
      0.03237703815102577,
      0.010452339425683022,
      0.02292451821267605,
      0.028849733993411064,
      0.013705605641007423,
      0.012006714008748531,
      0.018663207069039345,
      0.009522922337055206,
      0.01775571145117283,
      0.018469447270035744,
      0.009508372284471989,
      0.016054045408964157,
      0.012060609646141529,
      0.012170631438493729,
      0.013543946668505669,
      0.009535004384815693,
      0.013222170062363148,
      0.010207177139818668,
      0.012251554057002068,
      0.012550381012260914,
      0.011558366008102894,
      0.009510778822004795,
      0.00894317775964737,
      0.013132469728589058,
      0.010775535367429256,
      0.007686377037316561,
      0.011668574996292591,
      0.007966643199324608,
      0.01082755345851183,
      0.00804344192147255,
      0.008252613246440887,
      0.010435611940920353,
      0.005970181431621313,
      0.009531409479677677,
      0.006581151392310858,
      0.007753768470138311,
      0.007946185767650604,
      0.009024974890053272,
      0.007736450992524624,
      0.008263668976724148,
      0.0060700904577970505,
      0.010671917349100113,
      0.005465344060212374,
      0.00872659869492054,
      0.005345568526536226,
      0.006932114250957966,
      0.007332970853894949,
      0.006288996897637844,
      0.006746496073901653,
      0.005320813972502947,
      0.00706044677644968,
      0.004998335614800453,
      0.006792804226279259,
      0.006625405512750149,
      0.0037165796384215355,
      0.0096767358481884,
      0.0033561824820935726,
      0.0075130523182451725,
      0.005009870510548353,
      0.005752996075898409,
      0.005387541372328997,
      0.0035746388603001833,
      0.008544123731553555,
      0.0037848034407943487,
      0.006846332922577858,
      0.005279140546917915,
      0.005207858048379421,
      0.005212455987930298,
      0.00423474982380867,
      0.005479659419506788,
      0.005618697963654995,
      0.005832780618220568,
      0.003949015401303768,
      0.005265213083475828,
      0.0047405376099050045,
      0.003788389265537262,
      0.006546361837536097,
      0.003163921879604459
    ]
  },
  "timestamp": "20250321_171845"
}