{
  "model_params": {
    "input_dim": 5,
    "hidden_dim": 64,
    "num_layers": 2,
    "output_dim": 1,
    "dropout": 0.2
  },
  "training_params": {
    "learning_rate": 0.001,
    "batch_size": 32,
    "epochs": 100
  },
  "training_history": {
    "train_loss": [
      0.10447382535785436,
      0.0476241884753108,
      0.020117517188191415,
      0.023243338940665124,
      0.015281830728054047,
      0.014786272216588259,
      0.014526037964969873,
      0.013096614368259906,
      0.010939390771090985,
      0.010118634160608053,
      0.009161391109228135,
      0.008840657584369183,
      0.00822207061573863,
      0.00788945509120822,
      0.008249204698950052,
      0.007110105454921722,
      0.007030849577859044,
      0.007650458998978138,
      0.006961536267772317,
      0.00681359302252531,
      0.007016959879547357,
      0.006694720406085253,
      0.00633914084173739,
      0.006069171801209449,
      0.005948813678696751,
      0.007012040074914694,
      0.005314538395032287,
      0.005573267070576549,
      0.005373992910608649,
      0.005510339513421059,
      0.005494323605671525,
      0.005697924923151731,
      0.005493944091722369,
      0.005195922218263149,
      0.004860743274912238,
      0.005306150857359171,
      0.006179229682311415,
      0.006366799026727677,
      0.01069444827735424,
      0.009597669169306756,
      0.0053655176889151335,
      0.006799109932035208,
      0.005955199804157018,
      0.005472352169454098,
      0.005361564923077822,
      0.005143475113436579,
      0.005534759629517794,
      0.005073667829856276,
      0.004689623787999153,
      0.004704737430438399,
      0.004697481356561184,
      0.004309934144839644,
      0.004559885244816542,
      0.004497841373085976,
      0.004258006718009711,
      0.00404078965075314,
      0.00422716517932713,
      0.0041838330682367085,
      0.004759936174377799,
      0.004315561149269342,
      0.003882499132305384,
      0.004211937915533781,
      0.004062907723709941,
      0.0042333333287388085,
      0.004066164698451757,
      0.004273161431774497,
      0.0038839974906295536,
      0.0037240643054246903,
      0.003980814106762409,
      0.003981517720967531,
      0.004084348911419511,
      0.00390759059228003,
      0.0036617225501686334,
      0.004115510871633888,
      0.003775056637823582,
      0.003896320564672351,
      0.0037956331856548787,
      0.0038025171030312776,
      0.0035039161564782264,
      0.0038929923437535765,
      0.0034910250920802354,
      0.0035162489861249925,
      0.0038684990257024767,
      0.003260606597177684,
      0.0035333630861714483,
      0.003486296022310853,
      0.003605181211605668,
      0.003535179514437914,
      0.0034171519801020622,
      0.00341706364415586,
      0.003636186709627509,
      0.0035480352584272624,
      0.0034244124311953784,
      0.0035955637227743863,
      0.0037233375944197176,
      0.003895092150196433,
      0.0033438682090491056,
      0.003716865601018071,
      0.003051845752634108,
      0.003215651400387287
    ],
    "val_loss": [
      0.23267793655395508,
      0.10769383609294891,
      0.025958284735679626,
      0.02737569436430931,
      0.05802333354949951,
      0.07062368094921112,
      0.06044289842247963,
      0.040145035833120346,
      0.025243612006306648,
      0.026460573077201843,
      0.02930557169020176,
      0.0265593770891428,
      0.018390702083706856,
      0.016949085518717766,
      0.02135557122528553,
      0.018070559948682785,
      0.01783667504787445,
      0.02358754724264145,
      0.014289953745901585,
      0.01637355238199234,
      0.019853420555591583,
      0.014674950391054153,
      0.01507983822375536,
      0.01781538687646389,
      0.011844356544315815,
      0.014941885136067867,
      0.012452214024960995,
      0.014112035743892193,
      0.011240905150771141,
      0.01237396989017725,
      0.010022423230111599,
      0.009568046778440475,
      0.008724430575966835,
      0.009261303581297398,
      0.009396560490131378,
      0.0041807894594967365,
      0.022291500121355057,
      0.0024255707394331694,
      0.0475873164832592,
      0.020579837262630463,
      0.0036189837846904993,
      0.01270070020109415,
      0.02519376575946808,
      0.018131591379642487,
      0.007018088363111019,
      0.006975212600082159,
      0.01580551452934742,
      0.011072115041315556,
      0.006256373133510351,
      0.008344131521880627,
      0.011171546764671803,
      0.009365467354655266,
      0.007146283984184265,
      0.009158416651189327,
      0.008462312631309032,
      0.00662268279120326,
      0.009263325482606888,
      0.005751146003603935,
      0.008401901461184025,
      0.008353219367563725,
      0.00813827384263277,
      0.0069373976439237595,
      0.00639835000038147,
      0.008542331866919994,
      0.0070729865692555904,
      0.0050209276378154755,
      0.009368105791509151,
      0.0054776486940681934,
      0.006801100447773933,
      0.006917675957083702,
      0.005865689367055893,
      0.009189753793179989,
      0.005105501972138882,
      0.009949449449777603,
      0.004601025488227606,
      0.009531406685709953,
      0.0070562781766057014,
      0.006104125175625086,
      0.006755291484296322,
      0.009079291485249996,
      0.006196828093379736,
      0.0063493214547634125,
      0.007157941814512014,
      0.005647196900099516,
      0.007686610799282789,
      0.005212853197008371,
      0.007619953248649836,
      0.006656944751739502,
      0.005474615842103958,
      0.005846372805535793,
      0.007442940957844257,
      0.005732616875320673,
      0.005695635918527842,
      0.006999739445745945,
      0.0040927063673734665,
      0.008499599993228912,
      0.003694905200973153,
      0.011237386614084244,
      0.0035894829779863358,
      0.007797922473400831
    ]
  },
  "timestamp": "20250322_190015"
}