{
  "model_params": {
    "input_dim": 5,
    "hidden_dim": 64,
    "num_layers": 2,
    "output_dim": 1,
    "dropout": 0.2
  },
  "training_params": {
    "learning_rate": 0.001,
    "batch_size": 32,
    "epochs": 100
  },
  "training_history": {
    "train_loss": [
      0.1626398019492626,
      0.08032079301774502,
      0.02439305754378438,
      0.02617995524778962,
      0.014931237511336803,
      0.014877042360603809,
      0.014417281374335289,
      0.012263318244367837,
      0.010868795914575458,
      0.013059389498084783,
      0.009531277138739825,
      0.008450317475944758,
      0.009784069005399942,
      0.008945244923233986,
      0.009436922241002321,
      0.009236832708120346,
      0.007240056851878762,
      0.008413806464523077,
      0.008277082350105047,
      0.008798152208328247,
      0.0074215881992131475,
      0.008282013516873122,
      0.0072291312273591755,
      0.007072185166180134,
      0.008205099869519472,
      0.006132797244936228,
      0.006913404632359743,
      0.007327332254499197,
      0.007168274233117699,
      0.006851887423545122,
      0.007248326390981674,
      0.005785049311816693,
      0.006047627003863454,
      0.006340508908033371,
      0.005940465955063701,
      0.005872309394180775,
      0.005995640624314546,
      0.005740869231522084,
      0.005469547817483544,
      0.006508835172280669,
      0.005118826031684875,
      0.006799405068159103,
      0.005823905440047383,
      0.007263581734150648,
      0.006359416898339987,
      0.006444728653877974,
      0.006709302635863423,
      0.005365763418376445,
      0.005527199385687709,
      0.00551508404314518,
      0.005151349399238825,
      0.005401674145832658,
      0.005121247190982103,
      0.005556658189743757,
      0.005203060060739517,
      0.00519506698474288,
      0.0048182243946939705,
      0.005747703276574612,
      0.004690209636464715,
      0.005045893928036093,
      0.004777509858831764,
      0.0045714631211012605,
      0.004839840298518539,
      0.005941290082409978,
      0.007627669628709555,
      0.006969276862218976,
      0.0061234175227582455,
      0.005187042523175478,
      0.00468754512257874,
      0.005296226451173424,
      0.0048364430200308565,
      0.004990694019943476,
      0.004940127255395055,
      0.00460352529771626,
      0.004554466716945172,
      0.004750454192981124,
      0.004389190301299095,
      0.004504895443096757,
      0.004272365290671587,
      0.004475176613777876,
      0.004138675890862942,
      0.004264376452192664,
      0.004170286701992154,
      0.0037298578303307296,
      0.004649493657052517,
      0.004354970622807741,
      0.004410314233973622,
      0.004795164242386818,
      0.004901770455762744,
      0.004785449570044875,
      0.004542555334046483,
      0.004281193157657981,
      0.004372722376137972,
      0.00419813059270382,
      0.004167084163054824,
      0.004056859016418457,
      0.0042843346949666735,
      0.004363941727206111,
      0.004143187310546637,
      0.0034733077976852656
    ],
    "val_loss": [
      0.32222557067871094,
      0.15563148260116577,
      0.01710248738527298,
      0.017044896259903908,
      0.06177631393074989,
      0.07545768469572067,
      0.05846700817346573,
      0.03467854484915733,
      0.02453482523560524,
      0.03373272716999054,
      0.04157211631536484,
      0.03424801677465439,
      0.022942977026104927,
      0.01808834820985794,
      0.030540524050593376,
      0.02727922610938549,
      0.01850936748087406,
      0.019953390583395958,
      0.028705058619379997,
      0.019236525520682335,
      0.01755589246749878,
      0.023788072168827057,
      0.02365300804376602,
      0.016741622239351273,
      0.01949036493897438,
      0.019077328965067863,
      0.015157568268477917,
      0.018668951466679573,
      0.013839224353432655,
      0.009970255196094513,
      0.019158486276865005,
      0.014532983303070068,
      0.012563391588628292,
      0.015820883214473724,
      0.011373625136911869,
      0.011888467706739902,
      0.012376656755805016,
      0.00899047963321209,
      0.011226418428122997,
      0.012351902201771736,
      0.005891157314181328,
      0.025785965844988823,
      0.0023659379221498966,
      0.0240310151129961,
      0.006935763172805309,
      0.0053388928063213825,
      0.022250613197684288,
      0.00568920886144042,
      0.008551301434636116,
      0.011060274206101894,
      0.009453976526856422,
      0.007821875624358654,
      0.00567777780815959,
      0.014097627252340317,
      0.005521851591765881,
      0.008770554326474667,
      0.006124097853899002,
      0.008174274116754532,
      0.005632995627820492,
      0.0071661267429590225,
      0.0072511485777795315,
      0.005428330972790718,
      0.01371576264500618,
      0.0022728273179382086,
      0.03250937536358833,
      0.002077433979138732,
      0.015906644985079765,
      0.013933660462498665,
      0.005976448766887188,
      0.00797057244926691,
      0.010114932432770729,
      0.00701752258464694,
      0.006012502126395702,
      0.007797393947839737,
      0.007068777922540903,
      0.007717857137322426,
      0.005255897995084524,
      0.007570092100650072,
      0.005752291996032,
      0.00663309870287776,
      0.005585012957453728,
      0.0058214254677295685,
      0.005518045276403427,
      0.004838797729462385,
      0.004971569404006004,
      0.008857380598783493,
      0.0035029940772801638,
      0.01537408772855997,
      0.0027142930775880814,
      0.006556584499776363,
      0.009983307681977749,
      0.003320686286315322,
      0.011218003928661346,
      0.0072389161214232445,
      0.003915899433195591,
      0.012568136677145958,
      0.003846036968752742,
      0.008609016425907612,
      0.00574651500210166,
      0.0042897420935332775
    ]
  },
  "timestamp": "20250323_003352"
}