{
  "model_params": {
    "input_dim": 5,
    "hidden_dim": 64,
    "num_layers": 2,
    "output_dim": 1,
    "dropout": 0.2
  },
  "training_params": {
    "learning_rate": 0.001,
    "batch_size": 32,
    "epochs": 100
  },
  "training_history": {
    "train_loss": [
      0.17934552803635598,
      0.07515555005520583,
      0.025111884251236914,
      0.02417210824787617,
      0.014720918517559767,
      0.019120375718921424,
      0.013116963393986224,
      0.013400549348443747,
      0.012636528629809619,
      0.010759859345853329,
      0.010016796737909317,
      0.009505931008607148,
      0.009445148054510355,
      0.008640255313366652,
      0.008538606110960245,
      0.007583569176495076,
      0.008245323598384858,
      0.007825808366760612,
      0.008094547875225544,
      0.008339356258511543,
      0.007216826500371099,
      0.00800663004629314,
      0.008105022925883531,
      0.0072932465933263305,
      0.007839126605540514,
      0.007088956190273166,
      0.007681809039786458,
      0.006196914240717888,
      0.0067533193156123165,
      0.007175948470830917,
      0.006797911319881678,
      0.006791128404438495,
      0.0058780709281563755,
      0.006498354393988848,
      0.007117007719352841,
      0.006682558357715607,
      0.007507147453725338,
      0.006076483894139529,
      0.00649263421073556,
      0.006096428353339433,
      0.005274140369147062,
      0.006429931242018938,
      0.006006765272468328,
      0.006067039165645838,
      0.006455202214419841,
      0.005038329586386681,
      0.007571726711466909,
      0.006690631015226245,
      0.00689336871728301,
      0.005028085457161069,
      0.0053325601853430275,
      0.006032160669565201,
      0.00546563109382987,
      0.004918932029977441,
      0.005162250017747283,
      0.004795939475297928,
      0.004551748698577285,
      0.004971836414188147,
      0.005979368230327964,
      0.004859877936542034,
      0.006380697526037693,
      0.005639059050008654,
      0.005397063540294766,
      0.005025688372552395,
      0.005556877935305238,
      0.00451259883120656,
      0.004724177345633507,
      0.0046039754524827,
      0.005234424211084843,
      0.004313238756731152,
      0.00594294611364603,
      0.004950666707009077,
      0.00518258404918015,
      0.004555574944242835,
      0.00427615218795836,
      0.00434515941888094,
      0.005069204908795655,
      0.004309318773448467,
      0.005186428222805262,
      0.004220521543174982,
      0.005062214098870754,
      0.0039023754186928274,
      0.004367562476545572,
      0.0043259513098746535,
      0.004620623216032982,
      0.004270957363769412,
      0.004222207237035036,
      0.004059901321306824,
      0.0038254350889474153,
      0.0040509193670004605,
      0.004205922409892082,
      0.004054339090362191,
      0.004094032803550363,
      0.0035504734143614767,
      0.0037116059102118015,
      0.0032811499200761317,
      0.0037200362887233494,
      0.0036957426462322475,
      0.0033023108728229998,
      0.003573888028040528
    ],
    "val_loss": [
      0.3275948166847229,
      0.10100245475769043,
      0.008246737532317638,
      0.05004003643989563,
      0.08587581664323807,
      0.07421284168958664,
      0.042086221277713776,
      0.02750983275473118,
      0.034232247620821,
      0.04126553609967232,
      0.03567750006914139,
      0.026573752984404564,
      0.023731572553515434,
      0.026270216330885887,
      0.02343732677400112,
      0.023029878735542297,
      0.0228435005992651,
      0.014803440310060978,
      0.01753709279000759,
      0.019831830635666847,
      0.0203248281031847,
      0.016158105805516243,
      0.017843201756477356,
      0.015759069472551346,
      0.017269287258386612,
      0.013865532353520393,
      0.017680203542113304,
      0.012694078497588634,
      0.020250439643859863,
      0.01163085550069809,
      0.015002667903900146,
      0.018162820488214493,
      0.011242316104471684,
      0.010691541247069836,
      0.021122651174664497,
      0.003797942539677024,
      0.024794673547148705,
      0.007316401693969965,
      0.010509311221539974,
      0.009903152473270893,
      0.006897198036313057,
      0.014930889941751957,
      0.005689327139407396,
      0.0076958718709647655,
      0.016237759962677956,
      0.002440544543787837,
      0.025883043184876442,
      0.002179161412641406,
      0.018412863835692406,
      0.007109469268471003,
      0.00498297018930316,
      0.014967219904065132,
      0.005527584347873926,
      0.008323353715240955,
      0.007872031070291996,
      0.005443509668111801,
      0.008665657602250576,
      0.004966034088283777,
      0.011194451712071896,
      0.002478154143318534,
      0.015102316625416279,
      0.0024839285761117935,
      0.013186795637011528,
      0.005857924465090036,
      0.005908281076699495,
      0.010899253189563751,
      0.0037601846270263195,
      0.00576661666855216,
      0.009740203619003296,
      0.002660177880898118,
      0.01267764251679182,
      0.002883358858525753,
      0.009240166284143925,
      0.004167953971773386,
      0.008409290574491024,
      0.004334260709583759,
      0.010194557718932629,
      0.0032196585088968277,
      0.010209891013801098,
      0.00324931344948709,
      0.011410153470933437,
      0.004865135066211224,
      0.0055907368659973145,
      0.005564422812312841,
      0.006402190774679184,
      0.0069363052025437355,
      0.0034149358980357647,
      0.007677484303712845,
      0.004499680828303099,
      0.00481537776067853,
      0.005490204785019159,
      0.004703243728727102,
      0.006856455933302641,
      0.005438996944576502,
      0.006005713250488043,
      0.006330018397420645,
      0.003914077766239643,
      0.007066882681101561,
      0.004647987894713879,
      0.004081818740814924
    ]
  },
  "timestamp": "20250322_193355"
}