{
  "model_params": {
    "input_dim": 5,
    "hidden_dim": 64,
    "num_layers": 2,
    "output_dim": 1,
    "dropout": 0.2
  },
  "training_params": {
    "learning_rate": 0.001,
    "batch_size": 32,
    "epochs": 100
  },
  "training_history": {
    "train_loss": [
      0.13721509501338006,
      0.05998082347214222,
      0.02376368874683976,
      0.028375248331576584,
      0.015318705141544342,
      0.016672050952911376,
      0.014855939149856567,
      0.014054701291024685,
      0.014003983233124018,
      0.011885402724146843,
      0.010108242090791465,
      0.00981812532991171,
      0.008730824012309313,
      0.007480613561347127,
      0.008869439736008644,
      0.007278404152020812,
      0.006972152926027775,
      0.007334293704479933,
      0.007892684359103442,
      0.007643132330849766,
      0.006386433029547334,
      0.0066863236017525194,
      0.007450619013980031,
      0.0066969970241189,
      0.006502946931868791,
      0.006235758867114782,
      0.0065416542813181875,
      0.0064121557399630545,
      0.0065113614778965715,
      0.006465583574026823,
      0.00597897176630795,
      0.005816427432000637,
      0.006412685289978981,
      0.00550827132537961,
      0.005925819650292397,
      0.005753391282632947,
      0.005591249698773027,
      0.005997631698846817,
      0.005655710026621819,
      0.005698473937809467,
      0.005535171972587705,
      0.004638274479657411,
      0.004609285248443484,
      0.005035316292196512,
      0.006234242301434279,
      0.005471386993303895,
      0.0071436773985624315,
      0.005578723270446062,
      0.0048860998824238775,
      0.005011457670480013,
      0.0049452888779342175,
      0.004710559872910381,
      0.005464238300919533,
      0.004845499945804477,
      0.004611374763771892,
      0.005289699323475361,
      0.004558714805170894,
      0.005013764323666692,
      0.004390184301882982,
      0.004658082546666264,
      0.004548921948298812,
      0.0040746669750660654,
      0.003929481841623783,
      0.0042678055353462694,
      0.004563218401744962,
      0.004219874693080783,
      0.004730306984856725,
      0.004225445492193103,
      0.0041288506705313924,
      0.005041136359795928,
      0.004004695732146501,
      0.0037452438846230507,
      0.003836335986852646,
      0.004585952963680029,
      0.004254552721977234,
      0.003657179535366595,
      0.004108925489708782,
      0.004600153630599379,
      0.004224558128044009,
      0.005312011856585741,
      0.004406389640644192,
      0.004742753226310015,
      0.004286129307001829,
      0.00410947510972619,
      0.004194275476038456,
      0.004369790758937597,
      0.004172939993441105,
      0.004278871556743979,
      0.003954375348985195,
      0.003915279963985085,
      0.003944070590659976,
      0.003688438795506954,
      0.003835591534152627,
      0.004122038185596466,
      0.004039277043193579,
      0.0036869888426735997,
      0.004419036582112313,
      0.0035141634754836558,
      0.004062214959412813,
      0.003752332692965865
    ],
    "val_loss": [
      0.27868133783340454,
      0.11814210563898087,
      0.023795129731297493,
      0.03399869054555893,
      0.06788554787635803,
      0.07767065614461899,
      0.06360426545143127,
      0.04045861214399338,
      0.025259774178266525,
      0.027561184018850327,
      0.036898087710142136,
      0.03367007151246071,
      0.021306350827217102,
      0.014911958016455173,
      0.026547132059931755,
      0.02230444923043251,
      0.017793182283639908,
      0.020586306229233742,
      0.0193763617426157,
      0.019952479749917984,
      0.016291124746203423,
      0.01636495068669319,
      0.01797052100300789,
      0.015139874070882797,
      0.013858309015631676,
      0.01692088134586811,
      0.015012291260063648,
      0.014949185773730278,
      0.013056625612080097,
      0.014477074146270752,
      0.013468542136251926,
      0.013125776313245296,
      0.016157662495970726,
      0.010483751073479652,
      0.014193043112754822,
      0.011136447079479694,
      0.008724954910576344,
      0.016047490760684013,
      0.0071072387509047985,
      0.009031715802848339,
      0.012586019933223724,
      0.007426921743899584,
      0.011356799863278866,
      0.0043179974891245365,
      0.022301364690065384,
      0.0021694302558898926,
      0.02202167548239231,
      0.00994218047708273,
      0.005371858365833759,
      0.01480067428201437,
      0.007326955441385508,
      0.006837105844169855,
      0.011142022907733917,
      0.006231233943253756,
      0.004275305196642876,
      0.01652274653315544,
      0.004252441227436066,
      0.007754464168101549,
      0.012514197267591953,
      0.005345599725842476,
      0.0075642745941877365,
      0.008884555660188198,
      0.00577622139826417,
      0.006071746814996004,
      0.006923770997673273,
      0.005524388514459133,
      0.007780058775097132,
      0.0072646248154342175,
      0.005343417637050152,
      0.009400449693202972,
      0.006795594468712807,
      0.009344327263534069,
      0.004752028733491898,
      0.009025655686855316,
      0.006117995362728834,
      0.006998083554208279,
      0.005083355586975813,
      0.011168784461915493,
      0.0023861767258495092,
      0.014874625019729137,
      0.0037297699600458145,
      0.011824131943285465,
      0.005426326766610146,
      0.009288307279348373,
      0.0060529811307787895,
      0.009228315204381943,
      0.004283235874027014,
      0.01035063061863184,
      0.004577647894620895,
      0.00822230614721775,
      0.0046205539256334305,
      0.008165491744875908,
      0.006171118468046188,
      0.0057430025190114975,
      0.0068099480122327805,
      0.00495736300945282,
      0.009415188804268837,
      0.003919617272913456,
      0.012135330587625504,
      0.005267386790364981
    ]
  },
  "timestamp": "20250324_160913"
}