{
  "model_params": {
    "input_dim": 2,
    "hidden_dim": 64,
    "num_layers": 2,
    "output_dim": 1,
    "dropout": 0.2
  },
  "training_params": {
    "learning_rate": 0.001,
    "batch_size": 32,
    "epochs": 100
  },
  "training_history": {
    "train_loss": [
      0.09712417657306839,
      0.06353124337469888,
      0.07162264584856588,
      0.0804829831768368,
      0.07159242448547194,
      0.062258576501100775,
      0.05424988447057624,
      0.04277196415510374,
      0.030118190938317697,
      0.018040151249278418,
      0.009479898417574135,
      0.005191607415913642,
      0.003668609625169812,
      0.003698240445608521,
      0.009716706168312099,
      0.010734485561589546,
      0.0033121777087217197,
      0.003161501668904337,
      0.0030905284212137977,
      0.005493565276758032,
      0.006384805865367995,
      0.0038928927488966784,
      0.004505855970027398,
      0.004149130703280529,
      0.004731187866244938,
      0.0035993736770075385,
      0.0038295401739765846,
      0.004302761255882703,
      0.005175620500062172,
      0.003460223084402969,
      0.0039234044496908845,
      0.0040701590201464456,
      0.004656554759299803,
      0.00440705242093123,
      0.004299976582842646,
      0.003524959507969118,
      0.0035074711235093645,
      0.0030254714724686628,
      0.0031012057958334127,
      0.002838046582426966,
      0.0031614053532980652,
      0.002947528758898355,
      0.0035022805723494985,
      0.003268210416389329,
      0.003942373491642478,
      0.0036506272746567358,
      0.0036480285749759434,
      0.003084568055196395,
      0.003569139059231196,
      0.003122622101434371,
      0.003650044300053607,
      0.0028061822872146995,
      0.0027150884297659486,
      0.0025844796994445667,
      0.0025064884004325815,
      0.002843121392053886,
      0.003221424748663858,
      0.002604558866463072,
      0.0027897904927217058,
      0.0025972574606590395,
      0.002684536895450888,
      0.001939201230632006,
      0.00228420893953655,
      0.0021803295640570614,
      0.002540252261115388,
      0.0028744041337631643,
      0.0031807432735090953,
      0.0026878403710255835,
      0.003082928058105491,
      0.0025243038819626825,
      0.0030033146933654336,
      0.0025715774762859163,
      0.0029921184810636106,
      0.002339445604276637,
      0.0026053979131721726,
      0.002041775586481127,
      0.002282905286143256,
      0.0018781258418570242,
      0.002141589495999318,
      0.0018317183618027258,
      0.002291145837291204,
      0.0020811347021076326,
      0.00233119364824116,
      0.0022494859991462773,
      0.0027116105284221703,
      0.002358652575880584,
      0.0027864566314571176,
      0.001875009064420855,
      0.002150420266433127,
      0.0016003106841033573,
      0.001893449497900644,
      0.0016491116821271135,
      0.0019391980109034076,
      0.0017928265379234818,
      0.0020596780032065,
      0.0017308227425899296,
      0.0018960631595320828,
      0.0017199287075556876,
      0.002125207237704965,
      0.0019308009407048362
    ],
    "val_loss": [
      0.010921666398644447,
      0.014095010235905647,
      0.01772063411772251,
      0.025983991101384163,
      0.029605232179164886,
      0.0251833014190197,
      0.016213057562708855,
      0.0017712130211293697,
      0.004451218992471695,
      0.002087176078930497,
      0.0012044486356899142,
      0.0011155559914186597,
      0.0020224684849381447,
      0.001506337313912809,
      0.0021882778964936733,
      0.00034207600401714444,
      0.0002888643357437104,
      0.0009955271380022168,
      0.0008426426793448627,
      0.0020113815553486347,
      0.00016380543820559978,
      0.0014170530484989285,
      0.0003723098197951913,
      0.0015664135571569204,
      0.00018183159409090877,
      0.0013450486585497856,
      0.00016841621254570782,
      0.0016443153144791722,
      8.750578854233027e-05,
      0.0012016318505629897,
      0.00011945122969336808,
      0.0015371213667094707,
      9.217407932737842e-05,
      0.0016198221128433943,
      4.537762652034871e-05,
      0.0012119602179154754,
      5.3743624448543414e-05,
      0.0011033194605261087,
      5.101459828438237e-05,
      0.001031257794238627,
      6.892167584737763e-05,
      0.001167947775684297,
      6.157503230497241e-05,
      0.0012671088334172964,
      8.106570749077946e-05,
      0.0014197014970704913,
      5.920581315876916e-05,
      0.0012492171954363585,
      7.487338734790683e-05,
      0.0011698901653289795,
      6.712253525620326e-05,
      0.0009936586720868945,
      4.330504089011811e-05,
      0.0009895921684801579,
      5.3156039939494804e-05,
      0.0012096079299226403,
      5.085329758003354e-05,
      0.0009728462900966406,
      7.382885814877227e-05,
      0.0010861820774152875,
      6.106377259129658e-05,
      0.000798459688667208,
      7.582726539112628e-05,
      0.000889947114046663,
      0.00012301004608161747,
      0.0012319729430601,
      0.0001426343951607123,
      0.0012150603579357266,
      0.00015591213013976812,
      0.0010369752999395132,
      0.00014531519263982773,
      0.001077616703696549,
      0.00010475535236764699,
      0.001035810331813991,
      7.447086682077497e-05,
      0.0008594657992944121,
      5.17433654749766e-05,
      0.0008407678105868399,
      8.04158189566806e-05,
      0.0008974355878308415,
      7.855656440369785e-05,
      0.0009426379692740738,
      0.0001479608181398362,
      0.0011140590067952871,
      0.00013660569675266743,
      0.0011193264508619905,
      0.0001098633001674898,
      0.0007914720335975289,
      0.00011354831076459959,
      0.0007639722316525877,
      5.095769665786065e-05,
      0.0007707708864472806,
      0.00010947597183985636,
      0.0009217705228365958,
      9.169738768832758e-05,
      0.0009325967985205352,
      8.988234185380861e-05,
      0.0008377346093766391,
      0.00013609819870907813,
      0.0009665887919254601
    ]
  },
  "timestamp": "20250323_215411"
}