{
  "model_params": {
    "input_dim": 5,
    "hidden_dim": 64,
    "num_layers": 2,
    "output_dim": 1,
    "dropout": 0.2
  },
  "training_params": {
    "learning_rate": 0.001,
    "batch_size": 32,
    "epochs": 100
  },
  "training_history": {
    "train_loss": [
      0.07163890386000275,
      0.03538844622671604,
      0.020604995265603065,
      0.021286236587911844,
      0.015969782322645187,
      0.013112813234329224,
      0.012842053454369307,
      0.011295702308416367,
      0.009042371809482575,
      0.008979100361466407,
      0.007944223005324602,
      0.007766089914366603,
      0.007950508687645196,
      0.0077043362893164154,
      0.007218608446419239,
      0.006870580324903131,
      0.007649752544239163,
      0.006958797387778759,
      0.006902421033009887,
      0.007125507527962327,
      0.006385850440710783,
      0.00643031569197774,
      0.0065243816003203395,
      0.006808612309396267,
      0.0059683276806026695,
      0.006459902180358768,
      0.006142730917781591,
      0.00570018719881773,
      0.00612129932269454,
      0.005880141444504261,
      0.005032870965078473,
      0.005729260109364987,
      0.005236418591812253,
      0.005391185125336051,
      0.005368803953751921,
      0.005349740711972117,
      0.0049438605085015295,
      0.005353695247322321,
      0.004463988728821278,
      0.005703047243878245,
      0.004736232245340944,
      0.00533204092644155,
      0.0046740188263356686,
      0.0042789701605215665,
      0.004911382356658578,
      0.004408812616020441,
      0.004556352458894253,
      0.0044046135153621435,
      0.004237671382725239,
      0.004207020718604326,
      0.003917196625843644,
      0.004358157934620977,
      0.004011878184974194,
      0.003785101091489196,
      0.003973207157105208,
      0.003900462668389082,
      0.0038726860657334328,
      0.003971746051684022,
      0.004349193535745144,
      0.0046012741047889,
      0.004993247240781784,
      0.004747494123876095,
      0.005715153273195028,
      0.003898458136245608,
      0.0038946459069848062,
      0.0041307189501822,
      0.004029884235933423,
      0.004092574911192059,
      0.003497360018081963,
      0.0037285743281245233,
      0.0040934605989605185,
      0.0037307997699826956,
      0.00370883853174746,
      0.0035698927473276853,
      0.003557949559763074,
      0.003591747581958771,
      0.0033599284943193197,
      0.003933916985988617,
      0.003415337484329939,
      0.003677509119734168,
      0.003488559275865555,
      0.0035204563289880754,
      0.0035849090199917555,
      0.0036810817662626507,
      0.0033358187414705754,
      0.0035909694153815506,
      0.0034611780662089585,
      0.003475278173573315,
      0.0032025028485804796,
      0.0035045974887907504,
      0.0031126325717195868,
      0.0035331353545188906,
      0.0031924913171678783,
      0.0030008772620931266,
      0.0033196462783962486,
      0.0030840823892503977,
      0.003817781060934067,
      0.0031656221952289345,
      0.0032670672982931135,
      0.0030602368526160715
    ],
    "val_loss": [
      0.19025775790214539,
      0.09853426367044449,
      0.036981455981731415,
      0.033178187906742096,
      0.05224272236227989,
      0.05968215689063072,
      0.048952616751194,
      0.028628092259168625,
      0.02143196202814579,
      0.03311322256922722,
      0.02705332264304161,
      0.01840255782008171,
      0.02762572467327118,
      0.026228608563542366,
      0.021752212196588516,
      0.01828639581799507,
      0.02360794134438038,
      0.022169865667819977,
      0.018668871372938156,
      0.02139938622713089,
      0.02300157956779003,
      0.016003720462322235,
      0.019448142498731613,
      0.018770702183246613,
      0.014174697920680046,
      0.0183488167822361,
      0.01910191960632801,
      0.01316200289875269,
      0.012851173058152199,
      0.01601402461528778,
      0.01379899401217699,
      0.011347678489983082,
      0.014846663922071457,
      0.011810720898211002,
      0.009891045279800892,
      0.013016218319535255,
      0.00683591328561306,
      0.016468094661831856,
      0.00411256542429328,
      0.018039962276816368,
      0.00438857963308692,
      0.013840009458363056,
      0.007913335226476192,
      0.005560517776757479,
      0.015218141488730907,
      0.00422791950404644,
      0.012679950334131718,
      0.007640390191227198,
      0.00833599828183651,
      0.010264601558446884,
      0.006438960321247578,
      0.00752445962280035,
      0.006788536906242371,
      0.005739163141697645,
      0.008056056685745716,
      0.006891047116369009,
      0.00877645704895258,
      0.004538361914455891,
      0.011805754154920578,
      0.0026799989864230156,
      0.020995868369936943,
      0.0023915553465485573,
      0.018054110929369926,
      0.009442126378417015,
      0.006272054743021727,
      0.011494100093841553,
      0.0074827587231993675,
      0.007363503333181143,
      0.00844162330031395,
      0.007181898225098848,
      0.00868128426373005,
      0.008974391035735607,
      0.006807402241975069,
      0.006814162712544203,
      0.0078883683308959,
      0.005320663098245859,
      0.007000459358096123,
      0.008190521970391273,
      0.005326634738594294,
      0.010023138485848904,
      0.005699922330677509,
      0.00947275198996067,
      0.0058258273638784885,
      0.007675352972000837,
      0.0070496248081326485,
      0.007109604310244322,
      0.005986155942082405,
      0.01079869456589222,
      0.004227961413562298,
      0.008973962627351284,
      0.005242272280156612,
      0.00884228851646185,
      0.0049496968276798725,
      0.006010093726217747,
      0.008984996937215328,
      0.004419914446771145,
      0.010757372714579105,
      0.005131964106112719,
      0.008308361284434795,
      0.005661741830408573
    ]
  },
  "timestamp": "20250322_193440"
}