{
  "model_params": {
    "input_dim": 5,
    "hidden_dim": 64,
    "num_layers": 2,
    "output_dim": 1,
    "dropout": 0.2
  },
  "training_params": {
    "learning_rate": 0.001,
    "batch_size": 32,
    "epochs": 100
  },
  "training_history": {
    "train_loss": [
      0.09789873510599137,
      0.03782160989940166,
      0.023144832532852887,
      0.02181228045374155,
      0.014513190183788539,
      0.01454164320603013,
      0.013751142099499703,
      0.011307488661259413,
      0.01045753750950098,
      0.009858457930386066,
      0.007817667908966541,
      0.007352411141619086,
      0.008015800453722476,
      0.006984772253781557,
      0.008293199213221669,
      0.006857516197487712,
      0.007249060645699501,
      0.00723846685141325,
      0.007258280646055937,
      0.0068393496330827475,
      0.0071576121263206005,
      0.0067122760228812695,
      0.007020653178915382,
      0.006561528192833066,
      0.00630562100559473,
      0.006525121908634901,
      0.006000272696837783,
      0.006127514131367207,
      0.005716411164030433,
      0.006443954352289438,
      0.005890392046421766,
      0.005831464007496834,
      0.004570776177570224,
      0.005602373788133263,
      0.005084296315908432,
      0.005568851158022881,
      0.004880493599921465,
      0.005957654863595963,
      0.004856594884768128,
      0.006528332550078631,
      0.005677398573607206,
      0.005386222200468182,
      0.0049834571778774265,
      0.004753730539232492,
      0.005209847912192344,
      0.004635332897305488,
      0.004750946583226323,
      0.0046851283870637415,
      0.004869846161454916,
      0.0049141229595988985,
      0.004258482716977596,
      0.0038529166486114264,
      0.004103327495977282,
      0.0044229410123080015,
      0.004251235444098711,
      0.0044359449762851,
      0.004414930567145347,
      0.005061786854639649,
      0.004722949722781778,
      0.005579201877117157,
      0.0046997712925076485,
      0.004554490512236953,
      0.004572339728474617,
      0.004297293908894062,
      0.0045391055289655926,
      0.003657481912523508,
      0.0038919447921216487,
      0.004190841177478433,
      0.003760966984555125,
      0.004166109533980489,
      0.004161916067823767,
      0.003950079437345266,
      0.0038103874307125808,
      0.003639583312906325,
      0.003925270400941372,
      0.00383652918972075,
      0.003706233249977231,
      0.004193385969847441,
      0.0038275759667158126,
      0.003575701406225562,
      0.004135234514251351,
      0.003748495690524578,
      0.003745902329683304,
      0.00383671261370182,
      0.004104747716337442,
      0.0035287537146359684,
      0.003509619552642107,
      0.0035720903892070056,
      0.004251829674467444,
      0.0037875096313655376,
      0.0037356373388320206,
      0.00351710831746459,
      0.0039464602246880535,
      0.0035874751396477223,
      0.003746396349743009,
      0.0035563610959798097,
      0.0033852135762572288,
      0.003318733675405383,
      0.0030956892762333153,
      0.0036538378335535526
    ],
    "val_loss": [
      0.20413270592689514,
      0.06718215346336365,
      0.020588716492056847,
      0.04538934677839279,
      0.06802523136138916,
      0.06562066078186035,
      0.04617568850517273,
      0.028042025864124298,
      0.024271225556731224,
      0.026817018166184425,
      0.02601078525185585,
      0.02091568149626255,
      0.02272265963256359,
      0.016287658363580704,
      0.02547289803624153,
      0.016570735722780228,
      0.01535109058022499,
      0.016134733334183693,
      0.01747506484389305,
      0.01764087751507759,
      0.01583854854106903,
      0.014463305473327637,
      0.01800270564854145,
      0.01668347418308258,
      0.011516297236084938,
      0.015770098194479942,
      0.015002721920609474,
      0.014783455058932304,
      0.011122269555926323,
      0.014058896340429783,
      0.01168608944863081,
      0.014032294042408466,
      0.009282726794481277,
      0.009600645862519741,
      0.008634262718260288,
      0.011152862571179867,
      0.006945974193513393,
      0.013993347063660622,
      0.002995235612615943,
      0.02556687407195568,
      0.0038852738216519356,
      0.009162179194390774,
      0.011559190228581429,
      0.006418425589799881,
      0.011816751211881638,
      0.006796007044613361,
      0.007218440528959036,
      0.007315545342862606,
      0.008119364269077778,
      0.006144401617348194,
      0.007664095610380173,
      0.006594694685190916,
      0.0052983700297772884,
      0.009168948978185654,
      0.006019224412739277,
      0.007701192982494831,
      0.0037431991659104824,
      0.015467201359570026,
      0.0020816745236516,
      0.015419482253491879,
      0.0044603063724935055,
      0.009001430124044418,
      0.008831034414470196,
      0.0053506894037127495,
      0.010320286266505718,
      0.005543435923755169,
      0.007068265695124865,
      0.007614670321345329,
      0.005766933783888817,
      0.009707106277346611,
      0.004717757925391197,
      0.006734299007803202,
      0.006907404866069555,
      0.0062379841692745686,
      0.006871641147881746,
      0.006840425077825785,
      0.006248097401112318,
      0.00716786552220583,
      0.004995441529899836,
      0.007488624658435583,
      0.004419498611241579,
      0.008437207899987698,
      0.0043389336206018925,
      0.00771105894818902,
      0.0064443061128258705,
      0.0052805314771831036,
      0.010732057504355907,
      0.002750532468780875,
      0.012925870716571808,
      0.003934928216040134,
      0.00831667985767126,
      0.004393286537379026,
      0.010130372829735279,
      0.003350934013724327,
      0.009900380857288837,
      0.004777810070663691,
      0.006025645881891251,
      0.007648913189768791,
      0.004979075398296118,
      0.006139321252703667
    ]
  },
  "timestamp": "20250324_213022"
}