{
  "model_params": {
    "input_dim": 5,
    "hidden_dim": 64,
    "num_layers": 2,
    "output_dim": 1,
    "dropout": 0.2
  },
  "training_params": {
    "learning_rate": 0.001,
    "batch_size": 32,
    "epochs": 100
  },
  "training_history": {
    "train_loss": [
      0.057565392646938565,
      0.028115392103791235,
      0.022841661516577006,
      0.02101046182215214,
      0.016017281636595725,
      0.015025647822767496,
      0.013056913763284684,
      0.011055830027908086,
      0.009764833841472864,
      0.00921194078400731,
      0.007642913702875375,
      0.008559626899659634,
      0.007938387384638191,
      0.006712200446054339,
      0.00828004339709878,
      0.007157352287322283,
      0.007382153440266848,
      0.007065133145079017,
      0.006856974912807345,
      0.006540237367153168,
      0.006087735528126359,
      0.006552100926637649,
      0.005644065793603659,
      0.0056201734114438295,
      0.006073173694312572,
      0.005593755189329386,
      0.0052304583135992285,
      0.005442920373752713,
      0.005398007202893495,
      0.004925566702149808,
      0.005488487891852856,
      0.004308164282701909,
      0.004692277917638421,
      0.00434623546898365,
      0.0061397673562169075,
      0.005481526814401149,
      0.00744227091781795,
      0.005980215640738607,
      0.005014812713488937,
      0.004925266513600946,
      0.00443127597682178,
      0.00433784481137991,
      0.004668896924704314,
      0.004054761212319136,
      0.004181944439187646,
      0.004772053612396121,
      0.0044500721152871845,
      0.004213426448404789,
      0.0041923362761735914,
      0.004122391087003052,
      0.004687218554317951,
      0.00413355091586709,
      0.0042177334427833555,
      0.0046542233787477015,
      0.0041289399843662975,
      0.004174854187294841,
      0.004339883988723159,
      0.003995348419994116,
      0.004147563548758626,
      0.003692141827195883,
      0.004020841838791966,
      0.0041982906870543955,
      0.0034905392676591873,
      0.0038656397257000206,
      0.00390878776088357,
      0.003780922805890441,
      0.003988828929141164,
      0.0036567092407494783,
      0.0035919754300266504,
      0.003920466406270862,
      0.00374116157181561,
      0.003671710006892681,
      0.003694828040897846,
      0.0037348913960158826,
      0.003729184065014124,
      0.0037657876033335923,
      0.0033702983055263758,
      0.004003320820629597,
      0.003558421740308404,
      0.0031487674918025733,
      0.0032637404510751367,
      0.003476153267547488,
      0.003377907909452915,
      0.0034269347786903383,
      0.0036341352853924034,
      0.0036825405433773993,
      0.003486396186053753,
      0.0035798106575384734,
      0.003372387075796723,
      0.003316054120659828,
      0.003037686226889491,
      0.0036719268653541805,
      0.003652714192867279,
      0.0033593763131648303,
      0.003296323446556926,
      0.003223607828840613,
      0.0032653026282787323,
      0.0029671036172658205,
      0.002962621860206127,
      0.003048299578949809
    ],
    "val_loss": [
      0.1468542218208313,
      0.06337733566761017,
      0.03619591146707535,
      0.04766686260700226,
      0.06074363738298416,
      0.05911320447921753,
      0.045030321925878525,
      0.027673861011862755,
      0.021664144471287727,
      0.02651076950132847,
      0.02042832039296627,
      0.024513931944966316,
      0.027364512905478477,
      0.01416023913770914,
      0.020387491211295128,
      0.021448500454425812,
      0.017841625958681107,
      0.018236584961414337,
      0.020909983664751053,
      0.018120326101779938,
      0.011953803710639477,
      0.02100793644785881,
      0.017421452328562737,
      0.012425241991877556,
      0.015208710916340351,
      0.015055946074426174,
      0.013067185878753662,
      0.011490142904222012,
      0.013474646955728531,
      0.009689769707620144,
      0.013296998105943203,
      0.009014171548187733,
      0.010654820129275322,
      0.00502545852214098,
      0.022358812391757965,
      0.0018836245872080326,
      0.0317048579454422,
      0.011083627119660378,
      0.006293667946010828,
      0.015402532182633877,
      0.014378584921360016,
      0.007510089781135321,
      0.010448990389704704,
      0.010480335913598537,
      0.008565615862607956,
      0.011273030191659927,
      0.008328478783369064,
      0.008234062232077122,
      0.0121909249573946,
      0.005468626040965319,
      0.009651882573962212,
      0.00997649785131216,
      0.005034592468291521,
      0.015137694776058197,
      0.0054023368284106255,
      0.010157117620110512,
      0.009159866720438004,
      0.007051422726362944,
      0.011416872963309288,
      0.00689537962898612,
      0.010446775704622269,
      0.009379732422530651,
      0.005583842750638723,
      0.011630906723439693,
      0.006034867372363806,
      0.009919505566358566,
      0.008320480585098267,
      0.007397578563541174,
      0.007611268665641546,
      0.009971690364181995,
      0.006258804351091385,
      0.008736894465982914,
      0.007551431655883789,
      0.00959252379834652,
      0.006415506824851036,
      0.010292024351656437,
      0.006526181474328041,
      0.011313234455883503,
      0.007305032107979059,
      0.009491880424320698,
      0.006898947991430759,
      0.009041577577590942,
      0.006355762481689453,
      0.011080730706453323,
      0.005078769754618406,
      0.011973471380770206,
      0.00553881237283349,
      0.012357464991509914,
      0.006504522170871496,
      0.00990338809788227,
      0.0058214375749230385,
      0.00950393732637167,
      0.005595874972641468,
      0.010921597480773926,
      0.007469478528946638,
      0.008528892882168293,
      0.00893332902342081,
      0.008025814779102802,
      0.009744049049913883,
      0.005280112382024527
    ]
  },
  "timestamp": "20250324_212900"
}