{
  "model_params": {
    "input_dim": 5,
    "hidden_dim": 64,
    "num_layers": 2,
    "output_dim": 1,
    "dropout": 0.2
  },
  "training_params": {
    "learning_rate": 0.001,
    "batch_size": 32,
    "epochs": 100
  },
  "training_history": {
    "train_loss": [
      0.1066805101931095,
      0.039791716076433656,
      0.021606902591884136,
      0.02139385472983122,
      0.01272003035992384,
      0.013512146845459937,
      0.012926340848207474,
      0.009197031799703836,
      0.00965131288394332,
      0.009293017815798521,
      0.007685049204155803,
      0.007969274604693054,
      0.008567610383033752,
      0.008019823022186756,
      0.007492225663736462,
      0.007018178096041083,
      0.007010182365775108,
      0.00690261428244412,
      0.007450474752113223,
      0.006948115769773722,
      0.006693034991621971,
      0.00708810668438673,
      0.007596112508326769,
      0.006722930539399386,
      0.007089430792257189,
      0.006432972056791187,
      0.006239090813323855,
      0.0060889664571732284,
      0.005913620768114925,
      0.006150262383744121,
      0.006647720001637936,
      0.005921395216137171,
      0.0061773467808961865,
      0.0059567405842244625,
      0.005560620548203587,
      0.0056230385787785055,
      0.0057682709768414496,
      0.005111729167401791,
      0.0074284085072577,
      0.005961390538141131,
      0.0057879813015460965,
      0.005441573215648532,
      0.0049061009660363196,
      0.00508831930346787,
      0.004611853044480085,
      0.004802455473691225,
      0.0042621003929525616,
      0.004935420444235205,
      0.004697667947039008,
      0.0041512561496347185,
      0.005006907507777214,
      0.005058546084910631,
      0.005876686051487922,
      0.005156321590766311,
      0.007242991169914603,
      0.005671186186373234,
      0.004532238002866507,
      0.0046552166808396574,
      0.004065973171964288,
      0.004485347913578153,
      0.004763109656050801,
      0.003859885619021952,
      0.004252630472183228,
      0.003979376913048327,
      0.0043493865989148615,
      0.004220259469002485,
      0.004528126819059253,
      0.004204607801511884,
      0.0037110346602275968,
      0.003941102093085647,
      0.004342735977843404,
      0.004435919132083655,
      0.00451278411783278,
      0.003993110824376344,
      0.00429098499007523,
      0.003895915951579809,
      0.004039084119722247,
      0.0036384643986821174,
      0.00430764933116734,
      0.0034322580555453896,
      0.003335060854442418,
      0.0036284631583839654,
      0.003938374109566212,
      0.004171655792742967,
      0.0035020124865695833,
      0.003885910892859101,
      0.0037168214563280343,
      0.003914719494059682,
      0.0038175004068762065,
      0.0034723838325589895,
      0.0036947951652109624,
      0.00356337814591825,
      0.00346415089443326,
      0.003527624486014247,
      0.0033625376177951693,
      0.003953107399865985,
      0.003131202980875969,
      0.0035018082475289703,
      0.0035761680454015734,
      0.0035441415850073097
    ],
    "val_loss": [
      0.22107408940792084,
      0.07028122246265411,
      0.014519577845931053,
      0.0400143601000309,
      0.06663277000188828,
      0.06354442983865738,
      0.038817521184682846,
      0.01930949278175831,
      0.022509878501296043,
      0.032508399337530136,
      0.03173420950770378,
      0.015910690650343895,
      0.020599989220499992,
      0.027748381718993187,
      0.019496463239192963,
      0.01835143193602562,
      0.018186965957283974,
      0.0213762316852808,
      0.021403128281235695,
      0.017025047913193703,
      0.016649438068270683,
      0.015696987509727478,
      0.01745205745100975,
      0.015669532120227814,
      0.015881426632404327,
      0.016435565426945686,
      0.01587747409939766,
      0.01471778191626072,
      0.01240372471511364,
      0.012859178707003593,
      0.015172229148447514,
      0.012677151709794998,
      0.011372765526175499,
      0.01551642082631588,
      0.007348716724663973,
      0.010675810277462006,
      0.014456111937761307,
      0.004111316986382008,
      0.02051146700978279,
      0.0072801015339791775,
      0.007838882505893707,
      0.013523297384381294,
      0.006533048115670681,
      0.01042142603546381,
      0.0066688330844044685,
      0.011868661269545555,
      0.006341321859508753,
      0.008521494455635548,
      0.00739752734079957,
      0.005933399777859449,
      0.0133152324706316,
      0.003371626138687134,
      0.020485756918787956,
      0.001791320275515318,
      0.023477593436837196,
      0.006605949252843857,
      0.004573260899633169,
      0.013966838829219341,
      0.008137925527989864,
      0.0052896230481565,
      0.009353726170957088,
      0.0063713472336530685,
      0.005355952773243189,
      0.009106403216719627,
      0.008363299071788788,
      0.005401615519076586,
      0.007772322744131088,
      0.006795783527195454,
      0.004681434947997332,
      0.0058740489184856415,
      0.007199984509497881,
      0.0031282936688512564,
      0.010993638075888157,
      0.00461965287104249,
      0.00688995560631156,
      0.007747689262032509,
      0.007014552131295204,
      0.006293184123933315,
      0.005098446272313595,
      0.006638105493038893,
      0.0071840533055365086,
      0.004579749424010515,
      0.006433561444282532,
      0.006564677692949772,
      0.004217312205582857,
      0.01008673757314682,
      0.004412190988659859,
      0.006563615053892136,
      0.007065836805850267,
      0.00539731327444315,
      0.0053246645256876945,
      0.007015246897935867,
      0.004383078310638666,
      0.005170008167624474,
      0.004720349330455065,
      0.008807552047073841,
      0.004635108634829521,
      0.005921640433371067,
      0.00750708719715476,
      0.004511713515967131
    ]
  },
  "timestamp": "20250322_193413"
}