{
  "model_params": {
    "input_dim": 9,
    "hidden_dim": 64,
    "num_layers": 2,
    "output_dim": 1,
    "dropout": 0.2
  },
  "training_params": {
    "learning_rate": 0.001,
    "batch_size": 32,
    "epochs": 100
  },
  "training_history": {
    "train_loss": [
      0.08970872703939677,
      0.037408729270100596,
      0.025677851401269436,
      0.018807304091751575,
      0.0157971553504467,
      0.014634154736995697,
      0.013015499711036682,
      0.011346075311303138,
      0.009273966681212187,
      0.006999295810237527,
      0.006423082342371345,
      0.005498533975332976,
      0.005500496411696076,
      0.004868503054603934,
      0.005043867276981473,
      0.004390540905296803,
      0.0049223584122955796,
      0.004861753946170211,
      0.005044837482273579,
      0.004343651281669736,
      0.004839902091771364,
      0.004096464859321714,
      0.0045589506160467865,
      0.004047615872696042,
      0.004639834305271507,
      0.005058742314577103,
      0.004682048084214329,
      0.004874701984226704,
      0.004414584906771779,
      0.004244094621390105,
      0.004418458882719278,
      0.003884967416524887,
      0.004081182647496462,
      0.0035075405146926643,
      0.004041815083473921,
      0.0040656653698533775,
      0.004446219466626644,
      0.0036981487879529595,
      0.004098059935495257,
      0.004099801043048501,
      0.003700444265268743,
      0.003608795441687107,
      0.00417307298630476,
      0.0036991684697568416,
      0.0037328466307371853,
      0.0032960791373625397,
      0.0033948265481740236,
      0.0034204912139102817,
      0.003620316879823804,
      0.0035313119646161796,
      0.0036822631023824214,
      0.0034050348680466414,
      0.0036613947711884977,
      0.004420612985268235,
      0.0038995479699224234,
      0.0037025305908173324,
      0.003322122781537473,
      0.003085264703258872,
      0.0034857637947425246,
      0.003084434475749731,
      0.0033904404379427435,
      0.0035331052262336017,
      0.004160596430301667,
      0.003288338170386851,
      0.003105898667126894,
      0.0028499310137704015,
      0.0029623830458149316,
      0.0030335918068885802,
      0.002964554168283939,
      0.0030616835691034796,
      0.0028989400947466494,
      0.0032740481197834014,
      0.003851380804553628,
      0.003211365989409387,
      0.002999443607404828,
      0.0023606186732649803,
      0.0029860792914405466,
      0.003108431026339531,
      0.002856395952403545,
      0.0025937352096661926,
      0.0025854343082755806,
      0.002267181989736855,
      0.0023090705275535584,
      0.002550207823514938,
      0.002500068675726652,
      0.00287973377853632,
      0.002482707635499537,
      0.0025456426199525596,
      0.00266210304107517,
      0.0023498622933402656,
      0.002376526570878923,
      0.002530065551400185,
      0.0024746842216700317,
      0.0027867306489497423,
      0.0021235137479379772,
      0.0023444814840331675,
      0.0023669155314564707,
      0.0023895550053566693,
      0.002480716397985816,
      0.002029091655276716
    ],
    "val_loss": [
      0.18983794748783112,
      0.0564701110124588,
      0.0122295580804348,
      0.03147557005286217,
      0.05369580164551735,
      0.05152983218431473,
      0.03238200396299362,
      0.017053909599781036,
      0.015145287849009037,
      0.015662698075175285,
      0.0077337417751550674,
      0.006573706865310669,
      0.00529834721237421,
      0.004916289821267128,
      0.004244950599968433,
      0.0028846734203398228,
      0.003209802322089672,
      0.005097965244203806,
      0.004764024633914232,
      0.005272888112813234,
      0.0030459105037152767,
      0.006134132854640484,
      0.0032527248840779066,
      0.004861894063651562,
      0.006889747455716133,
      0.002647988498210907,
      0.012000402435660362,
      0.0017358134500682354,
      0.005745302885770798,
      0.004948173649609089,
      0.0037772192154079676,
      0.005007701925933361,
      0.0035072274040430784,
      0.007829544134438038,
      0.0027025407180190086,
      0.010235832072794437,
      0.002478690817952156,
      0.007093103136867285,
      0.003956540022045374,
      0.004088568035513163,
      0.006642505526542664,
      0.004041814245283604,
      0.0050477562472224236,
      0.0031680960673838854,
      0.005304652266204357,
      0.0037131267599761486,
      0.004030382260680199,
      0.005309739150106907,
      0.0019896558951586485,
      0.008894165977835655,
      0.0028639452066272497,
      0.01140010729432106,
      0.001949917059391737,
      0.01559731550514698,
      0.003755120560526848,
      0.005256857722997665,
      0.006677629426121712,
      0.005010729189962149,
      0.005035989452153444,
      0.005865993909537792,
      0.0028788591735064983,
      0.014016256667673588,
      0.002459698123857379,
      0.009934409521520138,
      0.005154227837920189,
      0.006874177139252424,
      0.0054678041487932205,
      0.004568431060761213,
      0.006161933299154043,
      0.00821727979928255,
      0.0036837835796177387,
      0.012842757627367973,
      0.001550374086946249,
      0.01339375413954258,
      0.005501356441527605,
      0.004399862140417099,
      0.010831044055521488,
      0.0019066513050347567,
      0.009376665577292442,
      0.00507986918091774,
      0.0038340818136930466,
      0.0061429631896317005,
      0.005529374349862337,
      0.0035641894210129976,
      0.008814276196062565,
      0.004382405895739794,
      0.005744685418903828,
      0.006771272048354149,
      0.006440386176109314,
      0.005630816332995892,
      0.005976883694529533,
      0.0064310296438634396,
      0.004657018929719925,
      0.005697085056453943,
      0.005180313717573881,
      0.008025330491364002,
      0.003233102383092046,
      0.011131594888865948,
      0.004383270163089037,
      0.008752725087106228
    ]
  },
  "timestamp": "20250322_193324"
}